Mass,Formula,Isomers,BS,MS,,Nominal Mass,MolGen Isomers,Beilstein,NIST MS Database,,,,,ADG/Beilstein,ADG/NIST,Nominal Mass,MolGen Isomers,Beilstein,NIST MS Database,,Nominal Mass,ADG Number of Isomers,% MOD,%BS,%NIST
16,CH4,1,1,1,,16,1,1,1,,,,,1,1,16,1,1,1,,16,1,1,1,1
18,H2O,1,1,1,,18,1,1,1,,,,,0,0,18,1,1,1,,,,0,1,1
24,C2,0,0,0,,24,0,0,0,,,,,#DIV/0!,#DIV/0!,24,0,0,0,,,,#DIV/0!,#DIV/0!,#DIV/0!
26,C2H2,1,1,1,,26,1,1,1,,,,,0,0,26,1,1,1,,,,0,1,1
28,C2H4,1,1,1,,28,1,1,1,,,,,1,1,28,1,1,1,,28,1,1,1,1
30,CH2O,1,1,1,,30,2,2,2,,,,,0.5,0.5,30,2,2,2,,30,1,0.5,1,1
30,C2H6,1,1,1,,32,2,1,2,,,,,1,0.5,32,2,1,2,,32,1,0.5,0.5,1
32,O2,1,0,1,,34,1,1,0,,,,,0,#DIV/0!,34,1,1,0,,,,0,1,0
32,CH4O,1,1,1,,36,1,0,0,,,,,#DIV/0!,#DIV/0!,36,1,0,0,,,,0,0,0
34,H2O2,1,1,0,,38,2,1,0,,,,,0,#DIV/0!,38,2,1,0,,,,0,0.5,0
36,C3,1,0,0,,40,4,3,3,,,,,0,0,40,4,3,3,,,,0,0.75,0.75
38,C3H2,2,1,0,,42,5,5,3,,,,,0,0,42,5,5,3,,,,0,1,0.6
40,C2O,1,0,0,,44,5,5,4,,,,,0.4,0.5,44,5,5,4,,44,2,0.4,1,0.8
40,C3H4,3,3,3,,46,4,4,3,,,,,0.5,0.66667,46,4,4,3,,46,2,0.5,1,0.75
42,C2H2O,3,3,1,,48,6,2,0,,,,,0,#DIV/0!,48,6,2,0,,,,0,0.33333,0
42,C3H6,2,2,2,,50,8,1,1,,,,,0,0,50,8,1,1,,,,0,0.125,0.125
44,CO2,1,1,1,,52,13,7,1,,,,,0,0,52,13,7,1,,,,0,0.53846,0.07692
44,C2H4O,3,3,2,,54,18,12,7,,,,,0,0,54,18,12,7,,,,0,0.66667,0.38889
44,C3H8,1,1,1,,56,21,19,6,,,,,0.05263,0.16667,56,21,19,6,,56,1,0.04762,0.90476,0.28571
46,CH2O2,2,2,1,,58,20,14,9,,,,,0.28571,0.44444,58,20,14,9,,58,4,0.2,0.7,0.45
46,C2H6O,2,2,2,,60,20,13,6,,,,,0.07692,0.16667,60,20,13,6,,60,1,0.05,0.65,0.3
48,O3,1,0,0,,62,30,7,2,,,,,0.14286,0.5,62,30,7,2,,62,1,0.03333,0.23333,0.06667
48,CH4O2,2,2,0,,64,51,11,0,,,,,0,#DIV/0!,64,51,11,0,,,,0,0.21569,0
48,C4,3,0,0,,66,77,22,4,,,,,0,0,66,77,22,4,,,,0,0.28571,0.05195
50,H2O3,1,0,0,,68,95,45,19,,,,,0,0,68,95,45,19,,,,0,0.47368,0.2
50,C4H2,7,1,1,,70,99,49,26,,,,,0.06122,0.11538,70,99,49,26,,70,3,0.0303,0.49495,0.26263
52,C3O,2,0,0,,72,105,45,24,,,,,0.13333,0.25,72,105,45,24,,72,6,0.05714,0.42857,0.22857
52,C4H4,11,7,1,,74,146,31,15,,,,,0.12903,0.26667,74,146,31,15,,74,4,0.0274,0.21233,0.10274
54,C3H2O,9,3,0,,76,241,26,6,,,,,0.11538,0.5,76,241,26,6,,76,3,0.01245,0.10788,0.0249
54,C4H6,9,9,7,,78,384,39,5,,,,,0,0,78,384,39,5,,,,0,0.10156,0.01302
56,C2O2,3,1,0,,80,511,86,18,,,,,0,0,80,511,86,18,,,,0,0.1683,0.03523
56,C3H4O,13,13,2,,82,578,136,42,,,,,0,0,82,578,136,42,,,,0,0.23529,0.07266
56,C4H8,5,5,4,,84,597,164,58,,,,,0.03049,0.08621,84,597,164,58,,84,5,0.00838,0.27471,0.09715
58,C2H2O2,9,3,1,,86,796,144,65,,,,,0.11806,0.26154,86,796,144,65,,86,17,0.02136,0.1809,0.08166
58,C3H6O,9,9,6,,88,1303,93,41,,,,,0.16129,0.36585,88,1303,93,41,,88,15,0.01151,0.07137,0.03147
58,C4H10,2,2,2,,90,2139,65,22,,,,,0.10769,0.31818,90,2139,65,22,,90,7,0.00327,0.03039,0.01029
60,CO3,1,1,0,,92,3030,117,15,,,,,0.00855,0.06667,92,3030,117,15,,92,1,0.00033,0.03861,0.00495
60,C2H4O2,10,9,3,,94,3078,72,3,,,,,0,0,94,3078,72,3,,,,0,0.02339,0.00097
60,C3H8O,3,3,3,,96,3949,393,87,,,,,0.00509,0.02299,96,3949,393,87,,96,2,0.00051,0.09952,0.02203
60,C5,6,0,0,,98,5097,522,143,,,,,0.02874,0.1049,98,5097,522,143,,98,15,0.00294,0.10241,0.02806
62,CH2O3,4,2,0,,100,8161,432,135,,,,,0.09722,0.31111,100,8161,432,135,,100,42,0.00515,0.05293,0.01654
62,C2H6O2,5,5,2,,102,13580,304,82,,,,,0.10855,0.40244,102,13580,304,82,,102,33,0.00243,0.02239,0.00604
62,C5H2,21,0,0,,104,20137,252,47,,,,,0.0754,0.40426,104,20137,252,47,,104,19,0.00094,0.01251,0.00233
64,O4,1,0,0,,106,25544,332,32,,,,,0.01506,0.15625,106,25544,332,32,,106,5,0.0002,0.013,0.00125
64,CH4O3,3,3,0,,108,28678,646,92,,,,,0.00929,0.06522,108,28678,646,92,,108,6,0.00021,0.02253,0.00321
64,C4O,7,0,0,,110,36289,999,143,,,,,0.00601,0.04196,110,36289,999,143,,110,6,0.00017,0.02753,0.00394
64,C5H4,40,8,0,,112,57233,1325,225,,,,,0.0234,0.13778,112,57233,1325,225,,112,31,0.00054,0.02315,0.00393
66,H2O4,1,0,0,,114,95974,1150,209,,,,,0.07304,0.40191,114,95974,1150,209,,114,84,0.00088,0.01198,0.00218
66,C4H2O,36,2,0,,116,147223,836,128,,,,,0.11364,0.74219,116,147223,836,128,,116,95,0.00065,0.00568,0.00087
66,C5H6,40,20,4,,118,194676,545,86,,,,,0.12294,0.77907,118,194676,545,86,,118,67,0.00034,0.0028,0.00044
68,C3O2,7,1,1,,120,227345,691,67,,,,,0.02605,0.26866,120,227345,691,67,,120,18,0.00008,0.00304,0.00029
68,C4H4O,62,19,2,,122,286287,1227,95,,,,,0.00163,0.02105,122,286287,1227,95,,122,2,6.986E-06,0.00429,0.00033
68,C5H8,26,25,16,,124,445855,2037,192,,,,,0,0,124,445855,2037,192,,,,0,0.00457,0.00043
70,C3H2O2,34,5,1,,126,749961,2578,245,,,,,0.05431,0.57143,126,749961,2578,245,,126,140,0.00019,0.00344,0.00033
70,C4H6O,55,34,15,,128,1180550,2247,283,,,,,0.12995,1.0318,128,1180550,2247,283,,128,292,0.00025,0.0019,0.00024
70,C5H10,10,10,10,,130,1615446,1698,196,,,,,0.15253,1.32143,130,1615446,1698,196,,130,259,0.00016,0.00105,0.00012
72,C2O3,5,1,0,,132,1951288,1296,139,,,,,0.14352,1.33813,132,1951288,1296,139,,132,186,0.0001,0.00066,0.00007
72,C3H4O2,52,15,4,,134,2460651,1352,145,,,,,0.04882,0.45517,134,2460651,1352,145,,134,66,0.00003,0.00055,0.00006
72,C4H8O,26,26,17,,136,3797225,2336,273,,,,,0.00385,0.03297,136,3797225,2336,273,,136,9,2.37015E-06,0.00062,0.00007
72,C5H12,3,3,3,,138,6406446,3657,303,,,,,0.0041,0.0495,138,6406446,3657,303,,138,15,2.34139E-06,0.00057,0.00005
72,C6,19,0,0,,140,10292400,4408,338,,,,,0.02223,0.28994,140,10292400,4408,338,,140,98,9.52159E-06,0.00043,0.00003
74,C2H2O3,20,2,1,,142,14498259,3902,290,,,,,0.10712,1.44138,142,14498259,3902,290,,142,418,0.00003,0.00027,0.00002
74,C3H6O2,34,21,7,,144,18044479,2983,239,,,,,0.31143,3.88703,144,18044479,2983,239,,144,929,0.00005,0.00017,0.00001
74,C4H10O,7,7,7,,146,22884651,2299,181,,,,,0.29404,3.73481,146,22884651,2299,181,,146,676,0.00003,0.0001,7.90923E-06
74,C6H2,85,1,0,,148,35076496,2350,210,,,,,0.10596,1.18571,148,35076496,2350,210,,148,249,7.09877E-06,0.00007,5.98691E-06
76,CO4,2,0,0,,150,59356042,3571,286,,,,,0.01232,0.15385,150,59356042,3571,286,,150,44,7.41289E-07,0.00006,4.81838E-06
76,C2H4O3,22,9,1,,,179923318,47614,5307,,,,,0.08153,0.73149,,179923318,47614,5307,,,3882,0.00216,8.15306,73.14867
76,C3H8O2,11,11,5,,,,,,,,,,,,,,,,,,,,,
76,C5O,21,0,0,,,,,,,,,,,,,,,,,,,,,
76,C6H4,185,6,0,,,,,,,,,,,,,,,,,,,,,
78,CH2O4,6,0,0,,,,,,,,,,,,,,,,,,,,,
78,C2H6O3,10,8,0,,,,,,,,,,,,,,,,,,,,,
78,C5H2O,151,2,0,,,,,,,,,,,,,,,,,,,,,
78,C6H6,217,29,5,,,,,,,,,,,,,,,,,,,,,
80,O5,1,0,0,,,,,,,,,,,,,,,,,,,,,
80,CH4O4,5,1,0,,,,,,76,241,26,6,,,,,,,,,,,,
80,C4O2,28,0,0,,,,,,78,384,39,5,,,,,,,,,,,,
80,C5H4O,318,14,0,,,,,,80,511,86,18,,,,,,,,,,,,
80,C6H8,159,71,18,,,,,,82,578,136,42,,,,,,,,,,,,
82,H2O5,1,0,0,,,,,,84,597,164,58,,,,,,,,,,,,
82,C4H2O2,163,4,0,,,,,,86,796,144,65,,,,,,,,,,,,
82,C5H6O,337,63,9,,,,,,88,1303,93,41,,,,,,,,,,,,
82,C6H10,77,69,33,,,,,,90,2139,65,22,,,,,,,,,,,,
84,C3O3,16,0,0,,,,,,92,3030,117,15,,,,,,,,,,,,
84,C4H4O2,301,29,5,,,,,,,,,,,,,,,,,,,,,
84,C5H8O,205,110,31,,,,,,,,,,,,,,,,,,,,,
84,C6H12,25,25,22,,,,,,,,,,,,,,,,,,,,,
84,C7,50,0,0,,,,,,,,,,,,,,,,,,,,,
86,C3H2O3,98,4,1,,,,,,,,,,,,,,,,,,,,,
86,C4H6O2,263,61,15,,,,,,,,,,,,,,,,,,,,,
86,C5H10O,74,74,44,,,,,,,,,,,,,,,,,,,,,
86,C6H14,5,5,5,,,,,,,,,,,,,,,,,,,,,
86,C7H2,356,0,0,,,,,,,,,,,,,,,,,,,,,
88,C2O4,10,2,0,,,,,,,,,,,,,,,,,,,,,
88,C3H4O3,152,15,4,,,,,,,,,,,,,,,,,,,,,
88,C4H8O2,122,59,23,,,,,,,,,,,,,,,,,,,,,
88,C5H12O,14,14,14,,,,,,,,,,,,,,,,,,,,,
88,C6O,85,0,0,,,,,,,,,,,,,,,,,,,,,
88,C7H4,920,3,0,,,,,,,,,,,,,,,,,,,,,
90,C2H2O4,41,2,1,,,,,,,,,,,,,,,,,,,,,
90,C3H6O3,102,20,8,,,,,,,,,,,,,,,,,,,,,
90,C4H10O2,28,26,12,,,,,,,,,,,,,,,,,,,,,
90,C6H2O,738,0,0,,,,,,,,,,,,,,,,,,,,,
90,C7H6,1230,17,1,,,,,,,,,,,,,,,,,,,,,
92,CO5,2,0,0,,,,,,,,,,,,,,,,,,,,,
92,C2H4O4,48,5,0,,,,,,,,,,,,,,,,,,,,,
92,C3H8O3,28,15,1,,,,,,,,,,,,,,,,,,,,,
92,C5O2,98,1,0,,,,,,,,,,,,,,,,,,,,,
92,C6H4O,1823,15,1,,,,,,,,,,,,,,,,,,,,,
92,C7H8,1031,81,13,,,,,,,,,,,,,,,,,,,,,
94,CH2O5,9,1,0,,,,,,,,,,,,,,,,,,,,,
94,C2H6O4,20,5,0,,,,,,,,,,,,,,,,,,,,,
94,C5H2O2,812,1,0,,,,,,,,,,,,,,,,,,,,,
94,C6H6O,2237,65,3,,,,,,,,,,,,,,,,,,,,,
94,C7H10,575,183,27,,,,,,,,,,,,,,,,,,,,,
96,O6,1,0,0,,,,,,,,,,,,,,,,,,,,,
96,CH4O5,6,1,0,,,,,,,,,,,,,,,,,,,,,
96,C4O3,72,0,0,,,,,,,,,,,,,,,,,,,,,
96,C5H4O2,1821,22,6,,,,,,,,,,,,,,,,,,,,,
96,C6H8O,1623,217,22,,,,,,,,,,,,,,,,,,,,,
96,C7H12,222,153,59,,,,,,,,,,,,,,,,,,,,,
96,C8,204,0,0,,,,,,,,,,,,,,,,,,,,,
98,H2O6,1,0,0,,,,,,,,,,,,,,,,,,,,,
98,C4H2O3,551,5,1,,,,,,,,,,,,,,,,,,,,,
98,C5H6O2,1938,112,21,,,,,,,,,,,,,,,,,,,,,
98,C6H10O,747,349,83,,,,,,,,,,,,,,,,,,,,,
98,C7H14,56,55,38,,,,,,,,,,,,,,,,,,,,,
98,C8H2,1804,1,0,,,,,,,,,,,,,,,,,,,,,
100,C3O4,36,0,0,,,,,,,,,,,,,,,,,,,,,
100,C4H4O3,1073,29,5,,,,,,,,,,,,,,,,,,,,,
100,C5H8O2,1168,206,42,,,,,,,,,,,,,,,,,,,,,
100,C6H12O,211,188,79,,,,,,,,,,,,,,,,,,,,,
100,C7O,356,0,0,,,,,,,,,,,,,,,,,,,,,
100,C7H16,9,9,9,,,,,,,,,,,,,,,,,,,,,
100,C8H4,5308,0,0,,,,,,,,,,,,,,,,,,,,,
102,C3H2O4,246,3,1,,,,,,,,,,,,,,,,,,,,,
102,C4H6O3,949,68,7,,,,,,,,,,,,,,,,,,,,,
102,C5H10O2,400,181,41,,,,,,94,3078,72,3,,,,,,,,,,,,
102,C6H14O,32,32,32,,,,,,96,3949,393,87,,,,,,,,,,,,
102,C7H2O,3971,0,0,,,,,,98,5097,522,143,,,,,,,,,,,,
102,C8H6,7982,20,1,,,,,,100,8161,432,135,,,,,,,,,,,,
104,C2O5,14,0,0,,,,,,102,13580,304,82,,,,,,,,,,,,
104,C3H4O4,401,12,1,,,,,,104,20137,252,47,,,,,,,,,,,,
104,C4H8O3,425,74,17,,,,,,106,25544,332,32,,,,,,,,,,,,
104,C5H12O2,69,58,25,,,,,,108,28678,646,92,,,,,,,,,,,,
104,C6O2,459,0,0,,,,,,110,36289,999,143,,,,,,,,,,,,
104,C7H4O,11332,6,0,,,,,,,,,,,,,,,,,,,,,
104,C8H8,7437,102,4,,,,,,,,,,,,,,,,,,,,,
106,C2H2O5,74,2,0,,,,,,,,,,,,,,,,,,,,,
106,C3H6O4,263,14,1,,,,,,,,,,,,,,,,,,,,,
106,C4H10O3,88,31,5,,,,,,,,,,,,,,,,,,,,,
106,C6H2O2,4636,2,0,,,,,,,,,,,,,,,,,,,,,
106,C7H6O,15804,34,6,,,,,,,,,,,,,,,,,,,,,
106,C8H10,4679,249,20,,,,,,,,,,,,,,,,,,,,,
108,CO6,3,0,0,,,,,,,,,,,,,,,,,,,,,
108,C2H4O5,88,0,0,,,,,,,,,,,,,,,,,,,,,
108,C3H8O4,71,10,0,,,,,,,,,,,,,,,,,,,,,
108,C5O3,327,0,0,,,,,,,,,,,,,,,,,,,,,
108,C6H4O2,12098,16,1,,,,,,,,,,,,,,,,,,,,,
108,C7H8O,13177,194,15,,,,,,,,,,,,,,,,,,,,,
108,C8H12,2082,426,76,,,,,,,,,,,,,,,,,,,,,
108,C9,832,0,0,,,,,,,,,,,,,,,,,,,,,
110,CH2O6,12,0,0,,,,,,,,,,,,,,,,,,,,,
110,C2H6O5,35,1,0,,,,,,,,,,,,,,,,,,,,,
110,C5H2O3,3292,1,0,,,,,,,,,,,,,,,,,,,,,
110,C6H6O2,15066,104,9,,,,,,,,,,,,,,,,,,,,,
110,C7H10O,7166,590,50,,,,,,,,,,,,,,,,,,,,,
110,C8H14,654,303,84,,,,,,,,,,,,,,,,,,,,,
110,C9H2,10064,0,0,,,,,,,,,,,,,,,,,,,,,
112,O7,1,0,0,,,,,,,,,,,,,,,,,,,,,
112,CH4O6,9,0,0,,,,,,,,,,,,,,,,,,,,,
112,C4O4,194,1,0,,,,,,,,,,,,,,,,,,,,,
112,C5H4O3,7744,36,7,,,,,,,,,,,,,,,,,,,,,
112,C6H8O2,10893,389,43,,,,,,,,,,,,,,,,,,,,,
112,C7H12O,2589,782,96,,,,,,,,,,,,,,,,,,,,,
112,C8O,1804,0,0,,,,,,,,,,,,,,,,,,,,,
112,C8H16,139,115,79,,,,,,,,,,,,,,,,,,,,,
112,C9H4,33860,2,0,,,,,,,,,,,,,,,,,,,,,
114,H2O7,1,0,0,,,,,,,,,,,,,,,,,,,,,
114,C4H2O4,1635,8,2,,,,,,,,,,,,,,,,,,,,,
114,C5H6O3,8397,129,10,,,,,,,,,,,,,,,,,,,,,
114,C6H10O2,4869,597,91,,,,,,,,,,,,,,,,,,,,,
114,C7H14O,596,397,88,,,,,,,,,,,,,,,,,,,,,
114,C8H2O,24021,0,0,,,,,,,,,,,,,,,,,,,,,
114,C8H18,18,18,18,,,,,,,,,,,,,,,,,,,,,
114,C9H6,56437,1,0,,,,,,,,,,,,,,,,,,,,,
116,C3O5,68,0,0,,,,,,,,,,,,,,,,,,,,,
116,C4H4O4,3328,19,3,,,,,,,,,,,,,,,,,,,,,
116,C5H8O3,4986,232,16,,,,,,,,,,,,,,,,,,,,,
116,C6H12O2,1313,472,61,,,,,,,,,,,,,,,,,,,,,
116,C7O2,2254,1,0,,,,,,,,,,,,,,,,,,,,,
116,C7H16O,72,67,41,,,,,,,,,,,,,,,,,,,,,
116,C8H4O,77431,6,0,,,,,,,,,,,,,,,,,,,,,
116,C9H8,57771,39,7,,,,,,,,,,,,,,,,,,,,,
118,C3H2O5,547,2,0,,,,,,,,,,,,,,,,,,,,,
118,C4H6O4,2958,36,6,,,,,,112,57233,1325,225,,,,,,,,,,,,
118,C5H10O3,1656,197,23,,,,,,114,95974,1150,209,,,,,,,,,,,,
118,C6H14O2,179,129,37,,,,,,116,147223,836,128,,,,,,,,,,,,
118,C7H2O2,28770,0,0,,,,,,118,194676,545,86,,,,,,,,,,,,
118,C8H6O,120427,24,3,,,,,,120,227345,691,67,,,,,,,,,,,,
118,C9H10,40139,157,17,,,,,,122,286287,1227,95,,,,,,,,,,,,
120,C2O6,23,0,0,,,,,,124,445855,2037,192,,,,,,,,,,,,
120,C3H4O5,915,3,1,,,,,,,,,,,,,,,,,,,,,
120,C4H8O4,1310,48,2,,,,,,,,,,,,,,,,,,,,,
120,C5H12O3,258,73,10,,,,,,,,,,,,,,,,,,,,,
120,C6O3,1796,0,0,,,,,,,,,,,,,,,,,,,,,
120,C7H4O2,86246,8,0,,,,,,,,,,,,,,,,,,,,,
120,C8H8O,112484,144,14,,,,,,,,,,,,,,,,,,,,,
120,C9H12,19983,415,40,,,,,,,,,,,,,,,,,,,,,
120,C10,4330,0,0,,,,,,,,,,,,,,,,,,,,,
122,C2H2O6,127,2,0,,,,,,,,,,,,,,,,,,,,,
122,C3H6O5,608,1,0,,,,,,,,,,,,,,,,,,,,,
122,C4H10O4,255,21,1,,,,,,,,,,,,,,,,,,,,,
122,C6H2O3,21641,1,0,,,,,,,,,,,,,,,,,,,,,
122,C7H6O2,122391,69,7,,,,,,,,,,,,,,,,,,,,,
122,C8H10O,69669,553,40,,,,,,,,,,,,,,,,,,,,,
122,C9H14,7244,579,47,,,,,,,,,,,,,,,,,,,,,
122,C10H2,64352,1,0,,,,,,,,,,,,,,,,,,,,,
124,CO7,3,0,0,,,,,,,,,,,,,,,,,,,,,
124,C2H4O6,157,0,0,,,,,,,,,,,,,,,,,,,,,
124,C3H8O5,154,2,0,,,,,,,,,,,,,,,,,,,,,
124,C5O4,1015,0,0,,,,,,,,,,,,,,,,,,,,,
124,C6H4O3,59327,27,1,,,,,,,,,,,,,,,,,,,,,
124,C7H8O2,102139,318,23,,,,,,,,,,,,,,,,,,,,,
124,C8H12O,29797,1257,78,,,,,,,,,,,,,,,,,,,,,
124,C9O,10064,0,0,,,,,,,,,,,,,,,,,,,,,
124,C9H16,1902,431,90,,,,,,,,,,,,,,,,,,,,,
124,C10H4,241297,2,0,,,,,,,,,,,,,,,,,,,,,
126,CH2O7,16,0,0,,,,,,,,,,,,,,,,,,,,,
126,C2H6O6,61,1,0,,,,,,,,,,,,,,,,,,,,,
126,C5H2O4,11291,0,0,,,,,,,,,,,,,,,,,,,,,
126,C6H6O3,75331,140,18,,,,,,,,,,,,,,,,,,,,,
126,C7H10O2,54641,909,51,,,,,,,,,,,,,,,,,,,,,
126,C8H14O,8796,1347,113,,,,,,,,,,,,,,,,,,,,,
126,C9H2O,160114,0,0,,,,,,,,,,,,,,,,,,,,,
126,C9H18,338,165,62,,,,,,,,,,,,,,,,,,,,,
126,C10H6,439373,16,1,,,,,,,,,,,,,,,,,,,,,
128,O8,1,0,0,,,,,,,,,,,,,,,,,,,,,
128,CH4O7,11,0,0,,,,,,,,,,,,,,,,,,,,,
128,C4O5,429,0,0,,,,,,,,,,,,,,,,,,,,,
128,C5H4O4,27721,25,0,,,,,,,,,,,,,,,,,,,,,
128,C6H8O3,54343,379,23,,,,,,,,,,,,,,,,,,,,,
128,C7H12O2,19154,1138,95,,,,,,,,,,,,,,,,,,,,,
128,C8O2,13163,0,0,,,,,,,,,,,,,,,,,,,,,
128,C8H16O,1684,637,125,,,,,,,,,,,,,,,,,,,,,
128,C9H4O,575884,1,0,,,,,,,,,,,,,,,,,,,,,
128,C9H20,35,35,35,,,,,,,,,,,,,,,,,,,,,
128,C10H8,488125,32,5,,,,,,,,,,,,,,,,,,,,,
130,H2O8,1,0,0,,,,,,,,,,,,,,,,,,,,,
130,C4H2O5,4228,2,0,,,,,,,,,,,,,,,,,,,,,
130,C5H6O4,30434,67,5,,,,,,,,,,,,,,,,,,,,,
130,C6H10O3,23838,580,45,,,,,,,,,,,,,,,,,,,,,
130,C7H14O2,4177,726,65,,,,,,126,749961,2578,245,,,,,,,,,,,,
130,C8H2O2,197786,0,0,,,,,,128,1180550,2247,283,,,,,,,,,,,,
130,C8H18O,171,130,58,,,,,,130,1615446,1698,196,,,,,,,,,,,,
130,C9H6O,985744,17,2,,,,,,132,1951288,1296,139,,,,,,,,,,,,
130,C10H10,369067,176,21,,,,,,134,2460651,1352,145,,,,,,,,,,,,
132,C3O6,130,0,0,,,,,,,,,,,,,,,,,,,,,
132,C4H4O5,8952,7,0,,,,,,,,,,,,,,,,,,,,,
132,C5H8O4,18023,122,9,,,,,,,,,,,,,,,,,,,,,
132,C6H12O3,6171,424,39,,,,,,,,,,,,,,,,,,,,,
132,C7O3,10604,0,0,,,,,,,,,,,,,,,,,,,,,
132,C7H16O2,463,241,29,,,,,,,,,,,,,,,,,,,,,
132,C8H4O2,666395,6,1,,,,,,,,,,,,,,,,,,,,,
132,C9H8O,1013745,117,17,,,,,,,,,,,,,,,,,,,,,
132,C10H12,201578,379,44,,,,,,,,,,,,,,,,,,,,,
132,C11,25227,0,0,,,,,,,,,,,,,,,,,,,,,
134,C3H2O6,1115,0,0,,,,,,,,,,,,,,,,,,,,,
134,C4H6O5,8070,17,3,,,,,,,,,,,,,,,,,,,,,
134,C5H10O4,5841,120,6,,,,,,,,,,,,,,,,,,,,,
134,C6H14O3,772,145,11,,,,,,,,,,,,,,,,,,,,,
134,C7H2O3,153809,0,0,,,,,,,,,,,,,,,,,,,,,
134,C8H6O2,1055605,63,10,,,,,,,,,,,,,,,,,,,,,
134,C9H10O,697708,368,47,,,,,,,,,,,,,,,,,,,,,
134,C10H14,81909,639,68,,,,,,,,,,,,,,,,,,,,,
134,C11H2,455822,0,0,,,,,,,,,,,,,,,,,,,,,
136,C2O7,31,0,0,,,,,,,,,,,,,,,,,,,,,
136,C3H4O6,1945,2,0,,,,,,,,,,,,,,,,,,,,,
136,C4H8O5,3528,8,0,,,,,,,,,,,,,,,,,,,,,
136,C5H12O4,869,35,3,,,,,,,,,,,,,,,,,,,,,
136,C6O4,6361,1,0,,,,,,,,,,,,,,,,,,,,,
136,C7H4O3,481262,8,1,,,,,,,,,,,,,,,,,,,,,
136,C8H8O2,989647,329,37,,,,,,,,,,,,,,,,,,,,,
136,C9H12O,338761,1020,97,,,,,,,,,,,,,,,,,,,,,
136,C10O,64352,0,0,,,,,,,,,,,,,,,,,,,,,
136,C10H16,24938,932,135,,,,,,,,,,,,,,,,,,,,,
136,C11H4,1885531,1,0,,,,,,,,,,,,,,,,,,,,,
138,C2H2O7,202,0,0,,,,,,,,,,,,,,,,,,,,,
138,C3H6O6,1294,0,0,,,,,,,,,,,,,,,,,,,,,
138,C4H10O5,655,10,0,,,,,,,,,,,,,,,,,,,,,
138,C6H2O4,84414,2,0,,,,,,,,,,,,,,,,,,,,,
138,C7H6O3,696019,103,13,,,,,,,,,,,,,,,,,,,,,
138,C8H10O2,607376,876,81,,,,,,,,,,,,,,,,,,,,,
138,C9H14O,118215,2032,96,,,,,,,,,,,,,,,,,,,,,
138,C10H2O,1175685,0,0,,,,,,,,,,,,,,,,,,,,,
138,C10H18,5568,633,113,,,,,,,,,,,,,,,,,,,,,
138,C11H6,3717018,1,0,,,,,,,,,,,,,,,,,,,,,
140,CO8,4,0,0,,,,,,,,,,,,,,,,,,,,,
140,C2H4O7,256,0,0,,,,,,,,,,,,,,,,,,,,,
140,C3H8O6,324,0,0,,,,,,,,,,,,,,,,,,,,,
140,C5O5,2711,1,0,,,,,,,,,,,,,,,,,,,,,
140,C6H4O4,240785,24,3,,,,,,136,3797225,2336,273,,,,,,,,,,,,
140,C7H8O3,582423,336,31,,,,,,138,6406446,3657,303,,,,,,,,,,,,
140,C8H12O2,254468,1881,106,,,,,,140,10292400,4408,338,,,,,,,,,,,,
140,C9O2,84548,0,0,,,,,,142,14498259,3902,290,,,,,,,,,,,,
140,C9H16O,29172,1885,107,,,,,,144,18044479,2983,239,,,,,,,,,,,,
140,C10H4O,4654419,0,0,,,,,,146,22884651,2299,181,,,,,,,,,,,,
140,C10H20,852,252,89,,,,,,148,35076496,2350,210,,,,,,,,,,,,
140,C11H8,4442438,29,2,,,,,,150,59356042,3571,286,,,,,,,,,,,,
142,CH2O8,20,0,0,,,,,,,,,,,,,,,,,,,,,
142,C2H6O7,98,0,0,,,,,,,,,,,,,,,,,,,,,
142,C5H2O5,33662,2,1,,,,,,,,,,,,,,,,,,,,,
142,C6H6O4,310776,134,13,,,,,,,,,,,,,,,,,,,,,
142,C7H10O3,308660,854,27,,,,,,,,,,,,,,,,,,,,,
142,C8H14O2,72534,1915,128,,,,,,,,,,,,,,,,,,,,,
142,C9H2O2,1481754,0,0,,,,,,,,,,,,,,,,,,,,,
142,C9H18O,4745,800,78,,,,,,,,,,,,,,,,,,,,,
142,C10H6O,8671508,12,0,,,,,,,,,,,,,,,,,,,,,
142,C10H22,75,75,37,,,,,,,,,,,,,,,,,,,,,
142,C11H10,3614427,110,6,,,,,,,,,,,,,,,,,,,,,
144,O9,1,0,0,,,,,,,,,,,,,,,,,,,,,
144,CH4O8,15,0,0,,,,,,,,,,,,,,,,,,,,,
144,C4O6,932,1,0,,,,,,,,,,,,,,,,,,,,,
144,C5H4O5,85857,12,0,,,,,,,,,,,,,,,,,,,,,
144,C6H8O4,224720,259,21,,,,,,,,,,,,,,,,,,,,,
144,C7H12O3,105625,1064,49,,,,,,,,,,,,,,,,,,,,,
144,C8O3,71079,0,0,,,,,,,,,,,,,,,,,,,,,
144,C8H16O2,13190,1062,91,,,,,,,,,,,,,,,,,,,,,
144,C9H4O2,5541857,2,0,,,,,,,,,,,,,,,,,,,,,
144,C9H20O,405,175,48,,,,,,,,,,,,,,,,,,,,,
144,C10H8O,9693195,84,8,,,,,,,,,,,,,,,,,,,,,
144,C11H12,2135717,324,22,,,,,,,,,,,,,,,,,,,,,
144,C12,171886,0,0,,,,,,,,,,,,,,,,,,,,,
146,H2O9,1,0,0,,,,,,,,,,,,,,,,,,,,,
146,C4H2O6,9986,1,0,,,,,,,,,,,,,,,,,,,,,
146,C5H6O5,95870,28,2,,,,,,,,,,,,,,,,,,,,,
146,C6H10O4,97394,345,25,,,,,,,,,,,,,,,,,,,,,
146,C7H14O3,22151,672,36,,,,,,,,,,,,,,,,,,,,,
146,C8H2O3,1187784,2,0,,,,,,,,,,,,,,,,,,,,,
146,C8H18O2,1225,334,28,,,,,,,,,,,,,,,,,,,,,
146,C9H6O2,9660231,45,4,,,,,,,,,,,,,,,,,,,,,
146,C10H10O,7288733,421,34,,,,,,,,,,,,,,,,,,,,,
146,C11H14,950064,450,52,,,,,,,,,,,,,,,,,,,,,
146,C12H2,3571212,1,0,,,,,,,,,,,,,,,,,,,,,
148,C3O7,217,0,0,,,,,,,,,,,,,,,,,,,,,
148,C4H4O6,21975,3,1,,,,,,,,,,,,,,,,,,,,,
148,C5H8O5,56687,52,4,,,,,,,,,,,,,,,,,,,,,
148,C6H12O4,24562,267,16,,,,,,,,,,,,,,,,,,,,,
148,C7O4,42867,0,0,,,,,,,,,,,,,,,,,,,,,
148,C7H16O3,2275,192,15,,,,,,,,,,,,,,,,,,,,,
148,C8H4O3,4161969,7,2,,,,,,,,,,,,,,,,,,,,,
148,C9H8O2,9990575,255,25,,,,,,,,,,,,,,,,,,,,,
148,C10H12O,3916111,892,90,,,,,,,,,,,,,,,,,,,,,
148,C11O,455822,0,0,,,,,,,,,,,,,,,,,,,,,
148,C11H16,323512,682,57,,,,,,,,,,,,,,,,,,,,,
148,C12H4,16079924,0,0,,,,,,,,,,,,,,,,,,,,,
150,C3H2O7,2113,0,0,,,,,,,,,,,,,,,,,,,,,
150,C4H6O6,20050,7,1,,,,,,,,,,,,,,,,,,,,,
150,C5H10O5,18092,34,3,,,,,,,,,,,,,,,,,,,,,
150,C6H14O4,2922,61,5,,,,,,,,,,,,,,,,,,,,,
150,C7H2O4,674033,0,0,,,,,,,,,,,,,,,,,,,,,
150,C8H6O3,6717404,90,7,,,,,,,,,,,,,,,,,,,,,
150,C9H10O2,6843602,667,71,,,,,,,,,,,,,,,,,,,,,
150,C10H14O,1548361,1938,150,,,,,,,,,,,,,,,,,,,,,
150,C11H2O,9414509,0,0,,,,,,,,,,,,,,,,,,,,,
150,C11H18,84051,762,49,,,,,,,,,,,,,,,,,,,,,
150,C12H6,34030905,12,0,,,,,,,,,,,,,,,,,,,,,
